region,charges
northeast,4343668.583309
northwest,4035711.99654
southeast,5363689.76329
southwest,4012754.64762
